{"trainingCount": 80000, "survivalCount": 48650, "durakCount": 31350, "totalReward": 51612.09999999925, "survivalRates": [67.32673267326733, 72.636815920398, 75.74750830564784, 75.56109725685786, 76.04790419161677, 77.53743760399334, 78.45934379457917, 78.7765293383271, 79.35627081021087, 78.92107892107893, 78.01998183469573, 77.93505412156536, 78.1706379707917, 78.30121341898644, 78.21452365089941, 78.45096814490942, 78.54203409758965, 78.51193781232648, 78.53761178327197, 78.4607696151924, 78.58162779628748, 78.73693775556565, 79.00912646675359, 79.17534360683048, 79.24830067972812, 79.46943483275663, 79.26693817104777, 79.18600499821493, 79.24853498793519, 78.84038653782073, 78.94227668494034, 79.06904092471103, 79.0972432596183, 79.0943840047045, 79.29163096258212, 79.25576228825327, 79.22183193731424, 79.21599579058143, 79.28736221481671, 79.30517370657336, 79.51719092904169, 79.50487979052606, 79.5163915368519, 79.57282435810043, 79.64896689624527, 79.52618995870463, 79.53626887896192, 79.62924390751927, 79.59600081615996, 79.66406718656269, 79.65104881395804, 79.7346664103057, 79.75853612525938, 79.76300685058322, 79.82185057262315, 79.86073915372255, 79.79301876863708, 79.76210998103775, 79.74919505168614, 79.65339110148308, 79.7246353056876, 79.68069666182875, 79.7016346611649, 79.67505077331667, 79.72619596985079, 79.68489622784428, 79.67467542157887, 79.63534774297898, 79.56817852485148, 79.51721182688188, 79.58034079707083, 79.58616858769615, 79.48226270373921, 79.39467639508175, 79.34942007732302, 79.38429154058676, 79.353330736268, 79.32316369696193, 79.34438678648273, 79.29008873890764, 79.26181952845329, 79.1854651871723, 79.26755812552705, 79.30008332341389, 79.27302670274085, 79.32798511800954, 79.27824388001379, 79.26372003181457, 79.27199191102123, 79.26897011443172, 79.30996593780904, 79.29572872513857, 79.29254918825933, 79.278800127646, 79.27586569834754, 79.34590146859702, 79.42480156684879, 79.44087338026732, 79.42632057367942, 79.28917928917929, 79.25693559454955, 79.2738569070964, 79.3096817613691, 79.28768688696314, 79.30383926044713, 79.29165498551536, 79.29821312841405, 79.27713053848271, 79.23825106808472, 79.28114584271687, 79.20721364163914, 79.12574108485974, 79.12463818963249, 79.12355447352404, 79.0793897077838, 79.09580377745492, 79.1204135242776, 79.09419376522982, 79.10174152153986, 79.08437319229816, 79.09187771494139, 79.13990732460775, 79.13071526489799, 79.13766898648107, 79.12864058408063, 79.14337453743799, 79.18131395984689, 79.17990853422215, 79.17083301284516, 79.15426303335623, 79.15309446254072, 79.14442523118562, 79.15080964107156, 79.18672690911784, 79.23682082199838, 79.2715860156193, 79.2623722918629, 79.2820660384145, 79.33004785372474, 79.32770725480462, 79.30427434687698, 79.3091392210335, 79.28616068328587, 79.28418729742776, 79.30278748030956, 79.31433235834297, 79.33923383555165, 79.31682437420308, 79.25965167869677, 79.24478652720217, 79.2235801581596, 79.19615609376015, 79.18198825882202, 79.12954297801423, 79.11597987389338, 79.14688943737738, 79.13338783724294, 79.15130304355978, 79.1503633314701, 79.15560767853836, 79.14238390282804, 79.18419608560454, 79.20126052966488, 79.2060719233781, 79.23477636069697, 79.2274269388727, 79.21424767765221, 79.19534145050291, 79.21174200339162, 79.18725655485146, 79.20351424773135, 79.18510430435033, 79.17833266670476, 79.18868246122379, 79.18196712050167, 79.11915060951632, 79.07938104016536, 79.05671907116272, 79.08402850671233, 79.07807263337179, 79.07764603027157, 79.1043965001902, 79.11464245175937, 79.13553034783077, 79.13480562536763, 79.15536407637892, 79.15454208772023, 79.1063628230093, 79.13721794670437, 79.13129524503933, 79.17206362364644, 79.19179423741043, 79.18568278549817, 79.17453191163716, 79.168570123344, 79.18286955204282, 79.18195065574595, 78.98612009352769, 78.81293005296767, 78.62666863701295, 78.50105386990833, 78.39129798546412, 78.24377457404981, 78.09284575624366, 77.99625018027979, 77.82881201856371, 77.71534688824342, 77.5840007582579, 77.45861044290365, 77.33909206140557, 77.2393813373207, 77.09408864703967, 76.97328827369103, 76.88585779457168, 76.78546855648824, 76.6905620747911, 76.605608835962, 76.47617754852722, 76.37043376424485, 76.274606519887, 76.17517075130574, 76.07217457001911, 75.94354232113623, 75.85568917668826, 75.72036314196747, 75.64298502248809, 75.56193208990913, 75.45127916540409, 75.36313089953019, 75.2671559160551, 75.18054783983591, 75.06489085570827, 74.988347951358, 74.92088941394877, 74.8455947229108, 74.7625622358897, 74.68438815049373, 74.62760881291233, 74.52171397876121, 74.44961112711411, 74.33301913855989, 74.23778621280765, 74.17178163489288, 74.0820209708109, 74.01314463126486, 73.93678968716115, 73.84504619815208, 73.74208198876538, 73.63993492321733, 73.5820718548674, 73.51285382465257, 73.43241441512097, 73.33697902425686, 73.25395898992258, 73.20646486570288, 73.10914636500522, 73.04719049267337, 72.94356538063676, 72.8903476966528, 72.82993042089655, 72.76618309912504, 72.69159654352666, 72.61381151084547, 72.51788322534736, 72.47117644863998, 72.40994758559161, 72.31584015406837, 72.26301612486624, 72.19955148707768, 72.12190029669243, 72.04846538447502, 72.0046543762045, 71.96478388464186, 71.90354138839753, 71.84993345563109, 71.79312569441956, 71.74386629048962, 71.68428169816022, 71.61093578241906, 71.53104130596091, 71.46227245519525, 71.40100347356233, 71.35065207510227, 71.25884115536044, 71.20933300927051, 71.18092799557108, 71.12858177304231, 71.06628638191127, 71.03181397897332, 70.96003549366915, 70.88534403591714, 70.83827666858751, 70.78139252052296, 70.73162519780479, 70.6889030569444, 70.66318852212301, 70.50928540580047, 70.4181980729115, 70.31451107224184, 70.24439985526791, 70.21081276023737, 70.1284271755825, 70.07915051626983, 70.01396058569527, 69.9394841590887, 69.85903680526435, 69.79518343461625, 69.73173936732798, 69.68147982492572, 69.65064806853285, 69.57874353195137, 69.53577418436126, 69.48676697895965, 69.43177887487815, 69.36773141907777, 69.31658385675448, 69.28133079966356, 69.23387472438745, 69.17123308875887, 69.12749606493627, 69.07172087012708, 69.02242262507285, 68.98259992049172, 68.92167921709704, 68.86720768365703, 68.8191266931305, 68.75018881604785, 68.71479774705581, 68.65259301522477, 68.62968174605551, 68.57108743022596, 68.51284187970596, 68.46681107385537, 68.42696961628354, 68.36966461166337, 68.35975412487868, 68.33230697047007, 68.28747697435747, 68.24582373691729, 68.21604023138862, 68.21541404596968, 68.1743302216699, 68.12771966225756, 68.08137697192609, 68.05535658004068, 68.04377017799492, 68.01230734167117, 67.9867049231556, 67.95558199484434, 67.89638710770882, 67.84315934762401, 67.80146625094801, 67.79361922635219, 67.75509063992627, 67.71120581599398, 67.67867559234466, 67.64078557380682, 67.59205546808099, 67.56287705572849, 67.54759484629544, 67.5159584668913, 67.47903062757848, 67.43412986022179, 67.41936360424988, 67.39383756537764, 67.3954757979514, 67.3566750222366, 67.31808284723529, 67.26897402214418, 67.2201278040694, 67.18220847444069, 67.13651232679982, 67.10697328983316, 67.10404486653793, 67.07474736814332, 67.05876161153654, 67.00611532505708, 66.96945106149053, 66.96169812798621, 66.93315278247962, 66.89696371522817, 66.86614336416154, 66.8303144621586, 66.80755650627562, 66.77463304285237, 66.74957052383273, 66.72207871921434, 66.6819723986633, 66.66751482150582, 66.66074465115098, 66.62362978152451, 66.5816519784854, 66.56759275584999, 66.54355418205573, 66.51963609934587, 66.42477743697165, 66.36153329519166, 66.34078558844693, 66.29786391425955, 66.2674995679119, 66.21758084776236, 66.1826490749613, 66.14298669150266, 66.11574289137185, 66.06668130045608, 65.99839419965451, 65.99111672046794, 65.95724074477616, 65.923528417188, 65.91166477916195, 65.88062786952237, 65.87372005467495, 65.8572761417191, 65.82181809503354, 65.80557605771291, 65.79178641837487, 65.77569251913462, 65.74076262972507, 