{"trainingCount": 30000, "survivalCount": 16506, "durakCount": 13494, "totalReward": 15701.40000000002, "survivalRates": [31.683168316831683, 40.79601990049751, 45.84717607973422, 46.13466334164589, 47.70459081836327, 49.08485856905158, 49.78601997146933, 49.063670411985015, 49.722530521642625, 49.65034965034965, 49.22797456857403, 48.8759367194005, 49.19292851652575, 49.75017844396859, 49.766822118587605, 50.09369144284822, 49.85302763080541, 49.97223764575236, 49.815886375591795, 49.87506246876562, 49.690623512613044, 50.2044525215811, 50.15210777922642, 50.56226572261557, 50.659736105557776, 50.480584390618986, 50.57386153276564, 50.98179221706533, 50.94794898310927, 50.94968343885371, 51.112544340535315, 51.452671040299904, 51.74189639503181, 52.07291972949133, 52.01371036846615, 51.95778950291585, 51.93191029451499, 51.93370165745856, 51.98667008459369, 52.11197200699825, 52.036088758839306, 52.27326826945965, 52.359916298535225, 52.419904567143824, 52.588313708064874, 52.575527059334924, 52.56328440757285, 52.59320974796917, 52.805549887778, 52.60947810437913, 52.75436188982553, 52.77831186310324, 52.839086964723634, 53.02721718200333, 52.972186875113614, 53.07980717728977, 53.131029643922126, 53.28391656610929, 53.29605151669209, 53.2244625895684, 53.31912801180134, 53.39461377197227, 53.54705602285351, 53.55413216684893, 53.5456083679434, 53.537342826844416, 53.58901656469184, 53.62446699014851, 53.73134328358209, 53.749464362233965, 53.71074496549782, 53.67310095820025, 53.66388166004656, 53.73598162410486, 53.85948540194641, 53.88764636232075, 53.82417867809376, 53.91616459428279, 54.0311352993292, 53.88076490438694, 53.857548450808544, 53.89586635776125, 53.969401276954585, 53.92215212474706, 53.864251264557105, 53.81932333449599, 53.75244224801747, 53.81206681058971, 53.81417818222671, 53.78291300966559, 53.78529831886606, 53.776763395283126, 53.78991506289646, 53.68577810871184, 53.710135775181556, 53.754817206540984, 53.798577466240594, 53.80063258851138, 53.832946167053834, 53.87461253874613, 53.885753885753886, 53.93588863836879, 53.89767983690904, 53.91789251033554, 53.95676602228359, 54.06093764739176, 54.0603681898888, 54.08758448291825, 54.10512796991102, 54.11326243068812, 54.02216016575083, 54.00410677618069, 54.039465534023535, 54.030348215068855, 54.03877923658812, 54.02120506852858, 54.02957012221178, 54.071688839928825, 54.113099739517686, 54.212148987584364, 54.2847698537311, 54.25784771740021, 54.35330460938135, 54.35045560841868, 54.35565154787617, 54.36076501864932, 54.350051177072665, 54.33169283649715, 54.32912177350593, 54.326590262287525, 54.34699641248759, 54.351943034618586, 54.35681527704684, 54.36161480486531, 54.358936375083324, 54.35629733107859, 54.36829428508868, 54.40185493804797, 54.44932019279188, 54.44611099207199, 54.499680873696896, 54.57362157594535, 54.576603034752814, 54.61426289840984, 54.58933866629888, 54.626395452366275, 54.65614584041902, 54.67198162286332, 54.74129253070264, 54.70301979868009, 54.68512019071584, 54.64772054470101, 54.63695183321352, 54.6717745600935, 54.66744081027031, 54.65675277225819, 54.671676963250746, 54.67375482564395, 54.707251116281995, 54.72157990125617, 54.72330911123533, 54.73736189124128, 54.77578062695541, 54.77105054569843, 54.784558511605354, 54.79188000722848, 54.79911382551943, 54.80030950538658, 54.83107508431454, 54.77913063937415, 54.78626980878312, 54.775885122957966, 54.80608057337726, 54.801448192632606, 54.76829895434546, 54.792341344241805, 54.821761482402124, 54.828380428065834, 54.82375286296855, 54.808066218543416, 54.820175680901606, 54.79918685786495, 54.81121250204907, 54.85571436334982, 54.87811469650289, 54.85188968335035, 54.85802898240736, 54.848146375192805, 54.87540341780858, 54.88132203568233, 54.9185906497042, 54.913806572574345, 54.914253147505306, 54.9095407453224, 54.91513255730476, 54.9257690934136, 54.93629764986549, 54.96187061259532, 54.931912969197526, 54.823143127207594, 54.77451611306371, 54.73621989064578, 54.72280770550463, 54.74367104043705, 54.74006116207951, 54.73165547558089, 54.74256045382434, 54.75814554327544, 54.75453549830961, 54.75095967015782, 54.756851091929626, 54.75329796723158, 54.745105368908, 54.741639923724485, 54.761353641035136, 54.762453343163905, 54.80482546672171, 54.80571663394366, 54.81114494795691, 54.802950092755985, 54.81284626818612, 54.76436034258554, 54.76094817195661, 54.76645482423004, 54.798460245121895, 54.80815823091494, 54.82215692294198, 54.78363390244968, 54.79326985783227, 54.79849357170685, 54.81229257359597, 54.851723102012784, 54.869450023503276, 54.87851580783797, 54.88750476674718, 54.887979410151466, 54.90945758581572, 54.91820425923601, 54.931044539810834, 54.92718144475332, 54.944010578075286, 54.989506604666474, 54.97725503053154, 54.97326639728991, 55.00589406934677, 55.005870207683905, 54.989718156525946, 54.99377535038753, 54.93780248790049, 54.930082466833994, 54.954168485377565, 55.00177858582664, 55.001771583795914, 54.99392180698797, 54.99785164642006, 55.00564180382086, 54.98624084337816, 54.98629396548396, 55.001730702665284, 55.01704915520478, 55.02080073279646, 55.00551309836128, 54.96382712776031, 54.96396362401419, 54.9227472651404, 54.926781768473084, 54.93078616469534, 54.91245678599309, 54.91648457464539, 54.93893214272536, 54.98327267379876, 54.99065968279551, 54.96514725739936, 54.95072906439766, 54.99800731857542, 55.012454424028014, 54.98363368224165, 55.01236514820257, 55.0051783864862, 55.03007010426675, 55.06542321194284, 55.05105826649235, 55.072004506883566, 55.10683835654889, 55.0854865214503, 55.085188669384344, 55.067532377348, 55.049998269956056, 55.036033240233095, 55.04278203498162, 55.035786445669665, 55.0220129005836, 55.0151355396075, 55.0523711060642, 55.0555724468768, 55.031817110534995, 55.01828797691353, 55.008193705896126]}