{"trainingCount": 10000, "survivalCount": 7602, "durakCount": 2398, "totalReward": 9450.399999999958, "survivalRates": [68.31683168316832, 70.1492537313433, 70.7641196013289, 70.82294264339151, 71.8562874251497, 71.04825291181365, 70.47075606276746, 71.16104868913857, 71.25416204217537, 70.62937062937063, 71.29881925522253, 72.18984179850125, 72.17524980784013, 72.59100642398288, 73.15123251165889, 73.51655215490318, 74.07407407407408, 74.23653525818989, 74.53971593897948, 74.66266866566717, 74.86910994764398, 74.8750567923671, 75.09778357235984, 75.17700957934194, 75.28988404638145, 75.35563244905805, 75.41651240281378, 75.40164227061764, 75.42226818338504, 75.27490836387871, 75.16930022573364, 75.38269290846611, 75.4316873674644, 75.4483975301382, 75.49271636675236, 75.59011385726187, 75.62820859227236, 75.74322546698238, 75.74980774160471, 75.80604848787803, 75.85954645208486, 75.95810521304452, 76.12183213206231, 76.16450806634856, 76.27193956898466, 76.43990436861552, 76.49436290151031, 76.46323682566131, 76.47418894103244, 76.22034895118604, 76.06229571236301, 75.8536125259385, 75.80077763377152, 75.78622068714779, 75.84359935725763, 75.70601648833538, 75.4525081882434, 75.5465175394001, 75.57073821029829, 75.5122111129323, 75.52007740686986, 75.60704650055547, 75.62880799875019, 75.55760652207353, 75.47341311922436, 75.46634830622295, 75.57712101161594, 75.64121141863498, 75.58920154263676, 75.62315166877904, 75.65615886682406, 75.70195863580331, 75.71949736522092, 75.81655779229436, 75.85843967898961, 75.88624853915076, 75.9005255736444, 75.96506771294773, 75.91551056117986, 75.86717689174176, 75.86879648823314, 75.84628358029153, 75.88382335436258, 75.87342665568757, 75.80513893733287, 75.83036432593954, 75.78684240427224, 75.87911470621277, 75.84712809687812, 75.91473464454455, 75.90479295728724, 75.84130738630255, 75.88554409105414, 75.90779917903379, 75.92959066763879, 75.94062467786826, 76.01265177022752, 75.99232400767599]}