{"trainingCount": 10000, "survivalCount": 4878, "durakCount": 5122, "totalReward": 3009.6999999999985, "survivalRates": [22.772277227722775, 29.35323383084577, 29.900332225913623, 33.66583541147132, 35.12974051896208, 36.272878535773714, 36.947218259629096, 38.70162297128589, 38.8457269700333, 39.76023976023976, 40.87193460490463, 42.131557035803496, 42.35203689469639, 43.112062812276946, 43.83744170552964, 43.78513429106808, 44.32686654908877, 44.97501388117712, 44.97632824829038, 45.5272363818091, 45.78772013326987, 46.251703771013176, 46.544980443285525, 46.98042482299042, 47.14114354258297, 47.40484429065744, 47.35283228433914, 47.19742948946804, 47.36297828335057, 47.584138620459846, 47.855530474040634, 48.17244611059044, 48.439866707058464, 48.4563363716554, 48.443301913738935, 48.48653151902249, 48.28424750067549, 48.460931333859506, 48.372212253268394, 48.36290927268183, 48.451597171421604, 48.60747441085456, 48.59335038363171, 48.73892297205181, 48.655854254610084, 48.70680286894154, 48.58540736013614, 48.69818787752552, 48.86757804529688, 48.59831405606744, 48.41376658334936, 48.10413129598189, 47.84299203851139, 47.882203235775314, 47.812890555257994, 47.71092790738467, 47.543526978107224, 47.38179969496695, 47.29211798033661, 47.36928372397968, 47.3472020641832, 47.389303285192824, 47.58631463833776, 47.71573604060914, 47.65944553855476, 47.63468139083719, 47.77238641376268, 47.790175336907694, 47.86459077274675, 47.89466272356006, 48.007221219275095, 48.034515819750716, 48.03404945277665, 48.0869217437675, 48.112090514406, 48.07167900272692, 48.134854505832585, 48.285027211745344, 48.306461692288465, 48.31502283668683, 48.26240702353372, 48.3194795807734, 48.375193429353644, 48.406069874132456, 48.38972212533426, 48.32777841627399, 48.35814112032723, 48.39905628581058, 48.41684257304744, 48.46720140643885, 48.483860449951095, 48.55391893344802, 48.63312413573024, 48.636985580465215, 48.65118216852411, 48.73724358313576, 48.780736659524536, 48.793051206948796]}