{"trainingCount": 25000, "survivalCount": 19053, "durakCount": 5947, "totalReward": 23852.399999999994, "survivalRates": [68.31683168316832, 70.1492537313433, 70.7641196013289, 70.82294264339151, 71.8562874251497, 71.04825291181365, 70.47075606276746, 71.16104868913857, 71.25416204217537, 70.62937062937063, 71.29881925522253, 72.18984179850125, 72.17524980784013, 72.59100642398288, 73.15123251165889, 73.51655215490318, 74.07407407407408, 74.23653525818989, 74.53971593897948, 74.66266866566717, 74.86910994764398, 74.8750567923671, 75.09778357235984, 75.17700957934194, 75.28988404638145, 75.35563244905805, 75.41651240281378, 75.40164227061764, 75.42226818338504, 75.27490836387871, 75.16930022573364, 75.38269290846611, 75.4316873674644, 75.4483975301382, 75.49271636675236, 75.59011385726187, 75.62820859227236, 75.74322546698238, 75.74980774160471, 75.80604848787803, 75.85954645208486, 75.95810521304452, 76.12183213206231, 76.16450806634856, 76.27193956898466, 76.43990436861552, 76.49436290151031, 76.46323682566131, 76.47418894103244, 76.22034895118604, 76.06229571236301, 75.8536125259385, 75.80077763377152, 75.78622068714779, 75.84359935725763, 75.70601648833538, 75.4525081882434, 75.5465175394001, 75.57073821029829, 75.5122111129323, 75.52007740686986, 75.60704650055547, 75.62880799875019, 75.55760652207353, 75.47341311922436, 75.46634830622295, 75.57712101161594, 75.64121141863498, 75.58920154263676, 75.62315166877904, 75.65615886682406, 75.70195863580331, 75.71949736522092, 75.81655779229436, 75.85843967898961, 75.88624853915076, 75.9005255736444, 75.96506771294773, 75.91551056117986, 75.86717689174176, 75.86879648823314, 75.84628358029153, 75.88382335436258, 75.87342665568757, 75.80513893733287, 75.83036432593954, 75.78684240427224, 75.87911470621277, 75.84712809687812, 75.91473464454455, 75.90479295728724, 75.84130738630255, 75.88554409105414, 75.90779917903379, 75.92959066763879, 75.94062467786826, 76.01265177022752, 75.99232400767599, 75.83407583407583, 75.67885501421429, 75.565479079701, 75.46389770214402, 75.47852585468051, 75.48344495802283, 75.51630688720681, 75.47449310249051, 75.44261994312448, 75.43859649122807, 75.41662913251058, 75.38612623872869, 75.34731439695602, 75.30918340496447, 75.27171550299974, 75.31247306266701, 75.33544141526365, 75.28175578340819, 75.32980421813294, 75.39371719023414, 75.42351871746136, 75.46102778460781, 75.45727989594342, 75.49391178130796, 75.48996080313574, 75.42258550908659, 75.37989134713801, 75.43941879540661, 75.43601271219286, 75.4403507422506, 75.46752156323944, 75.47913036891146, 75.49056461920156, 75.50182822177449, 75.48329753351604, 75.5018013381369, 75.46164513539158, 75.4800376784291, 75.51974678080714, 75.52317691593457, 75.54783348698673, 75.5721428068446, 75.62408223201174, 75.6544684396917, 75.66374732777051, 75.70029450037669, 75.6955309162642, 75.71110060131072, 75.76001610630159, 75.62413085226144, 75.56739688178409, 75.49833344225868, 75.48211155119797, 75.49835494484228, 75.47593103006217, 75.453792752054, 75.40661983418771, 75.35375133639394, 75.35154052871695, 75.39283274330786, 75.39658045799642, 75.40028219127662, 75.3917444058289, 75.33482819223077, 75.29064514185893, 75.24699119813185, 75.23956907326945, 75.22631796935093, 75.20734074466208, 75.20612829659085, 75.2398116388582, 75.22686549910411, 75.22556174932475, 75.23570081709616, 75.26276916084313, 75.23303768148692, 75.23172855457558, 75.24719289425171, 75.25693017054607, 75.26103530191702, 75.2705895280479, 75.3182886181083, 75.32199336992555, 75.32565807253661, 75.32390731681092, 75.29543874659109, 75.28322961544599, 75.30289402677107, 75.31182569338456, 75.32066383958956, 75.32940992656633, 75.34842754261437, 75.35694036389877, 75.36023793651607, 75.3992143257997, 75.38196030658342, 75.4254835614363, 75.44846992613436, 75.47122643867806, 75.5086811601413, 75.46656106133359, 75.50366976996207, 75.49629920101955, 75.52314521242866, 75.54973059560216, 75.59055118110236, 75.60213451276381, 75.58490024400747, 75.5821151373744, 75.59357376427658, 75.64265836517146, 75.67250363832684, 75.67870660249521, 75.6802009208874, 75.68631081894357, 75.71540482005437, 75.73047107930829, 75.74539975343592, 75.75110222262624, 75.76127777023665, 75.75334444394397, 75.7589345769248, 75.75554662738271, 75.75218879160927, 75.79753108269546, 75.79842297696136, 75.80369282049033, 75.8045500196498, 75.77061866875353, 75.80191333708497, 75.83724839446575, 75.85082185313935, 75.88564591256784, 75.93293902387133, 75.93322316850981, 75.99257415298932, 75.98840384857779, 75.9884523660098, 75.99266697220949, 76.01759263101117, 76.02578405850998, 76.04213818361384, 76.0460636859145, 76.08260887310722, 76.11885695703427, 76.15076312699891, 76.1743478085561, 76.1977430625276]}